"0","library(prophet)"
"2","Warning: package ‘prophet’ was built under R version 4.3.3"
"2","Loading required package: Rcpp
"
"2","Warning: package ‘Rcpp’ was built under R version 4.3.3"
"2","Loading required package: rlang
"
"2","Warning: package ‘rlang’ was built under R version 4.3.3"
"0","co2.df = data.frame("
"0","  ds=zoo::as.yearmon(time(co2)), "
"0","  y=co2)"
"0","m = prophet::prophet(co2.df)"
"2","Disabling weekly seasonality. Run prophet with weekly.seasonality=TRUE to override this.
"
"2","Disabling daily seasonality. Run prophet with daily.seasonality=TRUE to override this.
"
"0","f = prophet::make_future_dataframe(m, periods=8, freq=""quarter"")"
"0","p = predict(m, f)"
"0","plot(m,p)"
